{"elements":[{"from":[-5.11552,-6.752,8],"to":[21.11552,17.47904,8],"rotation":{"angle":45,"axis":"y","origin":[8,8.36352,8],"rescale":true},"faces":{"north":{"uv":[2.1875,2.0625,14.75,14.9375],"rotation":180,"texture":"#1"},"south":{"uv":[2.1875,2.0625,14.75,14.9375],"rotation":180,"texture":"#1"}}},{"from":[-9.11552,-4.752,8],"to":[17.11552,21.47904,8],"rotation":{"angle":45,"axis":"x","origin":[8,8.36352,8],"rescale":true},"faces":{"north":{"uv":[2.1875,2.0625,14.75,14.9375],"rotation":90,"texture":"#1"},"south":{"uv":[2.1875,2.0625,14.75,14.9375],"rotation":90,"texture":"#1"}}},{"from":[-6.11552,-4.752,8],"to":[22.11552,20.47904,8],"rotation":{"angle":-45,"axis":"x","origin":[8,8.36352,8],"rescale":true},"faces":{"north":{"uv":[16,0,0,16],"texture":"#1"},"south":{"uv":[2.1875,2.0625,14.75,14.9375],"texture":"#1"}}},{"from":[8,-4.752,-5.11552],"to":[8,21.47904,21.11552],"rotation":{"angle":45,"axis":"y","origin":[8,8.36352,8],"rescale":true},"faces":{"east":{"uv":[2.1875,2.0625,14.75,14.9375],"rotation":270,"texture":"#1"},"west":{"uv":[2.1875,2.0625,14.75,14.9375],"texture":"#1"}}}],"textures":{"1":"block/oak_leaves_branches","particle":"block/oak_leaves_branches"}}