{
	"credit": "Made with Blockbench",
	"textures": {
		"1": "block/optifine/leaves/red_aspen_leaves",
		"particle": "block/optifine/leaves/red_aspen_leaves"
	},
	"elements": [
		{
			"from": [8, -4.39221, -4.80313],
			"to": [8, 15.93023, 20.80313],
			"shade": false,
			"rotation": {"angle": 22.5, "axis": "y", "origin": [8, 5.76901, 8], "rescale": true},
			"faces": {
				"east": {"uv": [1.8125, 0.375, 14.3125, 14.3125], "rotation": 90, "texture": "#1"},
				"west": {"uv": [1.8125, 0.375, 14.3125, 14.3125], "texture": "#1"}
			}
		},
		{
			"from": [-4.80313, -4.39221, 8],
			"to": [20.80313, 15.93023, 8],
			"shade": false,
			"rotation": {"angle": 22.5, "axis": "y", "origin": [8, 5.76901, 8], "rescale": true},
			"faces": {
				"north": {"uv": [1.8125, 0.375, 14.3125, 14.3125], "texture": "#1"},
				"south": {"uv": [1.8125, 0.375, 14.3125, 14.3125], "rotation": 270, "texture": "#1"}
			}
		},
		{
			"from": [5.6551, 7.76901, -3.16122],
			"to": [5.6551, 25.09144, 18.07562],
			"shade": false,
			"rotation": {"angle": -45, "axis": "z", "origin": [-4.50611, 12.99911, 11.2568], "rescale": true},
			"faces": {
				"east": {"uv": [1.8125, 0.375, 14.3125, 14.3125], "texture": "#1"},
				"west": {"uv": [1.8125, 0.375, 14.3125, 14.3125], "rotation": 90, "texture": "#1"}
			}
		},
		{
			"from": [10.3449, 4.76901, -3.16122],
			"to": [10.3449, 26.09144, 20.07562],
			"shade": false,
			"rotation": {"angle": 45, "axis": "z", "origin": [20.50611, 12.99911, 11.2568], "rescale": true},
			"faces": {
				"east": {"uv": [1.8125, 0.375, 14.3125, 14.3125], "texture": "#1"},
				"west": {"uv": [1.8125, 0.375, 14.3125, 14.3125], "texture": "#1"}
			}
		}
	],
	"display": {
		"thirdperson_righthand": {
			"rotation": [75, 45, 0],
			"translation": [0, 2.5, 0],
			"scale": [0.375, 0.375, 0.375]
		},
		"thirdperson_lefthand": {
			"rotation": [75, 45, 0],
			"translation": [0, 2.5, 0],
			"scale": [0.375, 0.375, 0.375]
		},
		"firstperson_righthand": {
			"rotation": [0, 45, 0],
			"scale": [0.4, 0.4, 0.4]
		},
		"firstperson_lefthand": {
			"rotation": [0, 225, 0],
			"scale": [0.4, 0.4, 0.4]
		},
		"ground": {
			"translation": [0, 3, 0],
			"scale": [0.25, 0.25, 0.25]
		},
		"gui": {
			"rotation": [30, 225, 0],
			"translation": [0.5, 1.25, 0],
			"scale": [0.625, 0.49, 0.625]
		},
		"fixed": {
			"scale": [0.5, 0.5, 0.5]
		}
	}
}