{"elements":[{"from":[-5.11552,-4.752,8],"to":[21.11552,21.47904,8],"rotation":{"angle":45,"axis":"y","origin":[8,8.36352,8],"rescale":true},"faces":{"north":{"uv":[1.9375,0.25,14.375,15.1875],"rotation":180,"texture":"#1"},"south":{"uv":[1.9375,0.25,14.375,15.1875],"rotation":180,"texture":"#1"}}},{"from":[-5.11552,-4.752,8],"to":[21.11552,21.47904,8],"rotation":{"angle":45,"axis":"x","origin":[8,8.36352,8],"rescale":true},"faces":{"north":{"uv":[1.9375,0.25,14.375,15.1875],"texture":"#1"},"south":{"uv":[1.9375,0.25,14.375,15.1875],"rotation":180,"texture":"#1"}}},{"from":[-5.11552,-4.752,8],"to":[21.11552,21.47904,8],"rotation":{"angle":-45,"axis":"x","origin":[8,8.36352,8],"rescale":true},"faces":{"north":{"uv":[16,0,0,16],"rotation":90,"texture":"#1"},"south":{"uv":[1.9375,0.25,14.375,15.1875],"rotation":180,"texture":"#1"}}},{"from":[8,-4.752,-5.11552],"to":[8,21.47904,21.11552],"rotation":{"angle":45,"axis":"y","origin":[8,8.36352,8],"rescale":true},"faces":{"east":{"uv":[1.9375,0.25,14.375,15.1875],"rotation":180,"texture":"#1"},"west":{"uv":[1.9375,0.25,14.375,15.1875],"rotation":180,"texture":"#1"}}}],"textures":{"1":"block/acacia_leaves_2","particle":"block/acacia_leaves_2"}}