{"display":{"thirdperson_righthand":{"translation":[0,0,-1.5],"scale":[0.5,0.5,0.5]},"thirdperson_lefthand":{"translation":[0,0,-1.5],"scale":[0.5,0.5,0.5]},"firstperson_righthand":{"translation":[1.5,1.75,0],"scale":[0.7,0.7,0.7]},"firstperson_lefthand":{"translation":[1.5,1.75,0],"scale":[0.7,0.7,0.7]},"ground":{"scale":[0.5,0.5,0.5]},"gui":{"rotation":[-39,-46,0],"translation":[-0.25,0.75,0],"scale":[0.7,0.7,0.7]},"head":{"translation":[-1,7.25,0],"scale":[1.2,1.2,1.2]}},"textures":{"1":"block/oak_leaves","particle":"block/oak_leaves"},"elements":[{"from":[8,-4.8879,-5.31526],"to":[8,16.24744,21.31526],"shade":false,"rotation":{"angle":22.5,"axis":"y","origin":[8,5.67977,8],"rescale":true},"faces":{"east":{"uv":[1.8125,0.375,14.3125,14.3125],"rotation":90,"texture":"#1"},"west":{"uv":[1.8125,0.375,14.3125,14.3125],"texture":"#1"}}},{"from":[-5.31526,-4.8879,8],"to":[21.31526,16.24744,8],"shade":false,"rotation":{"angle":22.5,"axis":"y","origin":[8,5.67977,8],"rescale":true},"faces":{"north":{"uv":[1.8125,0.375,14.3125,14.3125],"texture":"#1"},"south":{"uv":[1.8125,0.375,14.3125,14.3125],"rotation":270,"texture":"#1"}}},{"from":[5.5613,7.75977,-3.60767],"to":[5.5613,25.7751,18.47864],"shade":false,"rotation":{"angle":-45,"axis":"z","origin":[-5.00635,13.19907,11.38707],"rescale":true},"faces":{"east":{"uv":[1.8125,0.375,14.3125,14.3125],"texture":"#1"},"west":{"uv":[1.8125,0.375,14.3125,14.3125],"rotation":90,"texture":"#1"}}},{"from":[10.4387,4.63977,-3.60767],"to":[10.4387,26.8151,20.55864],"shade":false,"rotation":{"angle":45,"axis":"z","origin":[21.00635,13.19907,11.38707],"rescale":true},"faces":{"east":{"uv":[1.8125,0.375,14.3125,14.3125],"texture":"#1"},"west":{"uv":[1.8125,0.375,14.3125,14.3125],"texture":"#1"}}}]}