{"elements":[{"from":[-10.42143,7.52606,-7.29565],"to":[18.082,7.52606,22.0781],"rotation":{"angle":22.5,"axis":"z","origin":[3.71479,3.33711,12.8308]},"faces":{"up":{"uv":[0,0,16,15.938],"rotation":270,"texture":"#0"},"down":{"uv":[0,0,16,15.938],"rotation":270,"texture":"#0"}}},{"from":[-1.26842,6.52606,-5.3541],"to":[27.23501,6.52606,24.01966],"rotation":{"angle":-22.5,"axis":"z","origin":[10.09879,3.33711,3.8932]},"faces":{"up":{"uv":[0,0,16,15.938],"rotation":90,"texture":"#0"},"down":{"uv":[0,0,16,15.938],"rotation":90,"texture":"#0"}}},{"from":[-5.53251,11.63326,-9.41263],"to":[23.84125,11.63326,19.09081],"rotation":{"angle":-22.5,"axis":"x","origin":[3.71479,3.33711,12.8308]},"faces":{"up":{"uv":[0,0,16,15.938],"texture":"#0"},"down":{"uv":[0,15.938,16,0],"texture":"#0"}}},{"from":[-7.88766,10.63326,-2.36681],"to":[21.48609,10.63326,26.13662],"rotation":{"angle":22.5,"axis":"x","origin":[10.09879,3.33711,3.8932]},"faces":{"up":{"uv":[0,0,16,15.938],"rotation":180,"texture":"#0"},"down":{"uv":[0,15.938,16,0],"rotation":180,"texture":"#0"}}}],"textures":{"0":"block/jungle_leaves","particle":"block/jungle_leaves"}}